{
    "train": {
        "loss": 0.0008700129692442715,
        "loss_epoch": 0.00026935179001588564
    },
    "step": 0
}
